{
  "PAS": {
    "CellData": [
      {
        "derived": {
          "f0": 1360,
          "IA": -0.0006516487337648869,
          "Q": 0.5521097183227539,
          "max": [
            0.000547307834494859,
            1376
          ],
          "noiseLim": 0.007395063691180073,
          "ext": -0.0006516487080658849
        },
        "fitData": {
          "parameters": [
            0
          ],
          "covariance": [
            [
              0,
              0
            ],
            [
              0,
              0
            ]
          ]
        },
        "IABack": 0,
        "FittedData": {
          "Y": [
            0
          ],
          "dt": 0
        },
        "MicFreq": {
          "Y": [],
          "dt": 1
        },
        "MicTime": {
          "Y": [],
          "dt": 0.00025
        },
        "PhotoDiode": {
          "Y": [],
          "dt": 0.001
        },
        "lRMS": 2.617922203349175,
        "T": [
          2.63,
          2.62
        ]
      },
      {
        "derived": {
          "f0": -19265,
          "IA": 0.0015355385839939117,
          "Q": -168.0636749267578,
          "max": [
            0.0004556808853521943,
            1309
          ],
          "noiseLim": 0.007754405511450686,
          "ext": 0.0015355385632775942
        },
        "fitData": {
          "parameters": [
            0
          ],
          "covariance": [
            [
              0,
              0
            ],
            [
              0,
              0
            ]
          ]
        },
        "IABack": 0,
        "FittedData": {
          "Y": [
            0
          ],
          "dt": 0
        },
        "MicFreq": {
          "Y": [],
          "dt": 1
        },
        "MicTime": {
          "Y": [],
          "dt": 0.00025
        },
        "PhotoDiode": {
          "Y": [],
          "dt": 0.001
        },
        "lRMS": 2.6218923471030555,
        "T": [
          2.62,
          2.62
        ]
      },
      {
        "derived": {
          "f0": -1842049,
          "IA": -2.9999999880125916e-12,
          "Q": -24327.99609375,
          "max": [
            0,
            1300
          ],
          "noiseLim": 1e-12,
          "ext": -3.000000133943692e-12
        },
        "fitData": {
          "parameters": [
            0
          ],
          "covariance": [
            [
              0,
              0
            ],
            [
              0,
              0
            ]
          ]
        },
        "IABack": 0,
        "FittedData": {
          "Y": [
            0
          ],
          "dt": 0
        },
        "MicFreq": {
          "Y": [],
          "dt": 1
        },
        "MicTime": {
          "Y": [],
          "dt": 0.00025
        },
        "PhotoDiode": {
          "Y": [],
          "dt": 0.001
        },
        "lRMS": 2.629026831083877,
        "T": [
          2.63,
          2.62
        ]
      },
      {
        "derived": {
          "f0": 21756,
          "IA": 0,
          "Q": 189.79824829101562,
          "max": [
            0.00046436654520221055,
            1390
          ],
          "noiseLim": 1e-12,
          "ext": 0
        },
        "fitData": {
          "parameters": [
            0
          ],
          "covariance": [
            [
              0,
              0
            ],
            [
              0,
              0
            ]
          ]
        },
        "IABack": 0,
        "FittedData": {
          "Y": [
            0
          ],
          "dt": 0
        },
        "MicFreq": {
          "Y": [],
          "dt": 1
        },
        "MicTime": {
          "Y": [],
          "dt": 0.00025
        },
        "PhotoDiode": {
          "Y": [],
          "dt": 0.001
        },
        "lRMS": 2.688043930333574,
        "T": [
          2.62,
          2.62
        ]
      },
      {
        "derived": {
          "f0": -22399,
          "IA": 0.011693630367517471,
          "Q": -148.50875854492188,
          "max": [
            0.0003279858792666346,
            1311
          ],
          "noiseLim": 0.008609257133055787,
          "ext": 0.011693630688160428
        },
        "fitData": {
          "parameters": [
            0
          ],
          "covariance": [
            [
              0,
              0
            ],
            [
              0,
              0
            ]
          ]
        },
        "IABack": 0,
        "FittedData": {
          "Y": [
            0
          ],
          "dt": 0
        },
        "MicFreq": {
          "Y": [],
          "dt": 1
        },
        "MicTime": {
          "Y": [],
          "dt": 0.00025
        },
        "PhotoDiode": {
          "Y": [],
          "dt": 0.001
        },
        "lRMS": 2.6256409176109057,
        "T": [
          2.62,
          2.61
        ]
      }
    ],
    "Drive": "FALSE"
  },
  "CellData": [
    {
      "extParam": {
        "Tau": 0,
        "Tau0cor": 0,
        "ext": 0,
        "extCorr": 0,
        "stdevTau": 0,
        "eTau": 0,
        "taucorr": 0,
        "Tau0": 0,
        "max": -66.52100372314453
      },
      "hkData": {
        "rhDilFac": 1,
        "Q": 0,
        "Tmean": 0,
        "extDilFac": 1,
        "rhCell": 0,
        "P": 0,
        "T": 0
      },
      "Ringdowns": [
        []
      ]
    },
    {
      "extParam": {
        "Tau": 0,
        "Tau0cor": 0,
        "ext": 0,
        "extCorr": 0,
        "stdevTau": 0,
        "eTau": 0,
        "taucorr": 0,
        "Tau0": 0,
        "max": -14.567500114440918
      },
      "hkData": {
        "rhDilFac": 1,
        "Q": 0,
        "Tmean": 0,
        "extDilFac": 1,
        "rhCell": 0,
        "P": 0,
        "T": 0
      },
      "Ringdowns": [
        []
      ]
    },
    {
      "extParam": {
        "Tau": 0,
        "Tau0cor": 0,
        "ext": 0,
        "extCorr": 0,
        "stdevTau": 0,
        "eTau": 0,
        "taucorr": 0,
        "Tau0": 0,
        "max": -111.05149841308594
      },
      "hkData": {
        "rhDilFac": 1,
        "Q": 0,
        "Tmean": 0,
        "extDilFac": 1,
        "rhCell": 0,
        "P": 0,
        "T": 0
      },
      "Ringdowns": [
        []
      ]
    },
    {
      "extParam": {
        "Tau": 0,
        "Tau0cor": 0,
        "ext": 0,
        "extCorr": 0,
        "stdevTau": 0,
        "eTau": 0,
        "taucorr": 0,
        "Tau0": 0,
        "max": -34.420501708984375
      },
      "hkData": {
        "rhDilFac": 1,
        "Q": 0,
        "Tmean": 0,
        "extDilFac": 1,
        "rhCell": 0,
        "P": 0,
        "T": 0
      },
      "Ringdowns": [
        []
      ]
    },
    {
      "extParam": {
        "Tau": 0,
        "Tau0cor": 0,
        "ext": 0,
        "extCorr": 0,
        "stdevTau": 0,
        "eTau": 0,
        "taucorr": 0,
        "Tau0": 0,
        "max": 11797.16796875
      },
      "hkData": {
        "rhDilFac": 1,
        "Q": 0,
        "Tmean": 0,
        "extDilFac": 1,
        "rhCell": 0,
        "P": 0,
        "T": 0
      },
      "Ringdowns": [
        []
      ]
    }
  ],
  "TestAlicat": {
    "Type": "MC",
    "P": 843.92,
    "T": 28.9,
    "Q": 0,
    "Qsp": 1,
    "Q0": 0
  },
  "vDryBlue": {
    "RH": "0.00",
    "T": "0.00",
    "Td": "0.00"
  },
  " vDryRed": {
    "RH": "49.28",
    "T": "25.31",
    "Td": "13.92"
  },
  "hTEC": {
    "Tobj": "Inf",
    "Tsink": "25.00",
    "Vout": "0.99"
  },
  "pDryBlue": {
    "P": 851.9,
    "T": 26.6
  },
  "Time": "3521036528.32",
  "Filter": false,
  "O3": false,
  "Cabin": false,
  "Save": false
}
