{
  "PAS": {
    "CellData": [{
      "derived": {
        "f0": 1365,
        "IA": -0.010351812466979027,
        "Q": 0.55376702547073364,
        "max": [0.00037082645576447248, 1337],
        "noiseLim": 0.0076828801847895973,
        "ext": -0.010351811974036784
      },
      "fitData": {
        "parameters": [0],
        "covariance": [
          [0, 0],
          [0, 0]
        ]
      },
      "IABack": 0,
      "FittedData": {
        "Y": [0],
        "dt": 0
      },
      "MicFreq": {
        "Y": [],
        "dt": 1
      },
      "MicTime": {
        "Y": [],
        "dt": 0.00025000000000000001
      },
      "PhotoDiode": {
        "Y": [],
        "dt": 0.001
      },
      "lRMS": 2.6256335502266968,
      "T": [2.63, 2.62]
    }, {
      "derived": {
        "f0": 1342,
        "IA": -0.0019017409067600965,
        "Q": 0.54383784532546997,
        "max": [0.00029250714578665793, 1335],
        "noiseLim": 0.0071543955265944521,
        "ext": -0.0019017410237637394
      },
      "fitData": {
        "parameters": [0],
        "covariance": [
          [0, 0],
          [0, 0]
        ]
      },
      "IABack": 0,
      "FittedData": {
        "Y": [0],
        "dt": 0
      },
      "MicFreq": {
        "Y": [],
        "dt": 1
      },
      "MicTime": {
        "Y": [],
        "dt": 0.00025000000000000001
      },
      "PhotoDiode": {
        "Y": [],
        "dt": 0.001
      },
      "lRMS": 2.6296582516139986,
      "T": [2.63, 2.63]
    }, {
      "derived": {
        "f0": 1356,
        "IA": -0.0028553688898682594,
        "Q": 0.54929274320602417,
        "max": [0.00021244247909635305, 1371],
        "noiseLim": 0.0070744586357031946,
        "ext": -0.0028553688301930225
      },
      "fitData": {
        "parameters": [0],
        "covariance": [
          [0, 0],
          [0, 0]
        ]
      },
      "IABack": 0,
      "FittedData": {
        "Y": [0],
        "dt": 0
      },
      "MicFreq": {
        "Y": [],
        "dt": 1
      },
      "MicTime": {
        "Y": [],
        "dt": 0.00025000000000000001
      },
      "PhotoDiode": {
        "Y": [],
        "dt": 0.001
      },
      "lRMS": 2.6365835603790506,
      "T": [2.63, 2.63]
    }, {
      "derived": {
        "f0": -1842049,
        "IA": -2.9999999880125916e-012,
        "Q": -24327.99609375,
        "max": [0, 1300],
        "noiseLim": 9.9999999999999998e-013,
        "ext": -3.0000001339436919e-012
      },
      "fitData": {
        "parameters": [0],
        "covariance": [
          [0, 0],
          [0, 0]
        ]
      },
      "IABack": 0,
      "FittedData": {
        "Y": [0],
        "dt": 0
      },
      "MicFreq": {
        "Y": [],
        "dt": 1
      },
      "MicTime": {
        "Y": [],
        "dt": 0.00025000000000000001
      },
      "PhotoDiode": {
        "Y": [],
        "dt": 0.001
      },
      "lRMS": 2.6958834445260651,
      "T": [2.63, 2.63]
    }, {
      "derived": {
        "f0": -20220,
        "IA": -0.0050975587218999863,
        "Q": -176.38984680175781,
        "max": [0.00043907843064516783, 1309],
        "noiseLim": 0.0084669328058003656,
        "ext": -0.0050975588793044646
      },
      "fitData": {
        "parameters": [0],
        "covariance": [
          [0, 0],
          [0, 0]
        ]
      },
      "IABack": 0,
      "FittedData": {
        "Y": [0],
        "dt": 0
      },
      "MicFreq": {
        "Y": [],
        "dt": 1
      },
      "MicTime": {
        "Y": [],
        "dt": 0.00025000000000000001
      },
      "PhotoDiode": {
        "Y": [],
        "dt": 0.001
      },
      "lRMS": 2.6332238059520749,
      "T": [2.62, 2.62]
    }],
    "Drive": false
  },
  "CellData": [{
    "extParam": {
      "Tau": 0,
      "Tau0cor": 0,
      "ext": 0,
      "extCorr": 0,
      "stdevTau": 0,
      "eTau": 0,
      "taucorr": 0,
      "Tau0": 0,
      "max": -40.314498901367188
    },
    "hkData": {
      "rhDilFac": 1,
      "Q": 0,
      "Tmean": 0,
      "extDilFac": 1,
      "rhCell": 0,
      "P": 0,
      "T": 0
    },
    "Ringdowns": [
      []
    ]
  }, {
    "extParam": {
      "Tau": 0,
      "Tau0cor": 0,
      "ext": 0,
      "extCorr": 0,
      "stdevTau": 0,
      "eTau": 0,
      "taucorr": 0,
      "Tau0": 0,
      "max": -2.7929999828338623
    },
    "hkData": {
      "rhDilFac": 1,
      "Q": 0,
      "Tmean": 0,
      "extDilFac": 1,
      "rhCell": 0,
      "P": 838.4024658203125,
      "T": 0
    },
    "Ringdowns": [
      []
    ]
  }, {
    "extParam": {
      "Tau": 0,
      "Tau0cor": 0,
      "ext": 0,
      "extCorr": 0,
      "stdevTau": 0,
      "eTau": 0,
      "taucorr": 0,
      "Tau0": 0,
      "max": -107.73549652099609
    },
    "hkData": {
      "rhDilFac": 1,
      "Q": 0,
      "Tmean": 0,
      "extDilFac": 1,
      "rhCell": 0,
      "P": 838.4024658203125,
      "T": 0
    },
    "Ringdowns": [
      []
    ]
  }, {
    "extParam": {
      "Tau": 0,
      "Tau0cor": 0,
      "ext": 0,
      "extCorr": 0,
      "stdevTau": 0,
      "eTau": 0,
      "taucorr": 0,
      "Tau0": 0,
      "max": -51.602500915527344
    },
    "hkData": {
      "rhDilFac": 1,
      "Q": 0,
      "Tmean": 0,
      "extDilFac": 1,
      "rhCell": 0,
      "P": 838.4024658203125,
      "T": 0
    },
    "Ringdowns": [
      []
    ]
  }, {
    "extParam": {
      "Tau": 0,
      "Tau0cor": 0,
      "ext": 0,
      "extCorr": 0,
      "stdevTau": 0,
      "eTau": 0,
      "taucorr": 0,
      "Tau0": 0,
      "max": 200.40400695800781
    },
    "hkData": {
      "rhDilFac": 1,
      "Q": 0,
      "Tmean": 0,
      "extDilFac": 1,
      "rhCell": 0,
      "P": 838.4024658203125,
      "T": 0
    },
    "Ringdowns": [
      []
    ]
  }],
  "TestAlicat": {
    "Type": "MC",
    "P": 837.71,
    "T": 29.17,
    "Q": 0.00,
    "Qsp": 1.00,
    "Q0": 0.00
  },
  "vDryBlue": {
    "RH": "0.00",
    "T": "0.00",
    "Td": "0.00"
  },
  "vDryRed": {
    "RH": "0.00",
    "T": "0.00",
    "Td": "0.00"
  },
  "hTEC": {
    "Tobj": "0.00",
    "Tsink": "0.00",
    "Vout": "0.00"
  },
  "pDryBlue": {
    "P": 0.000000,
    "T": 0.000000
  },
  "Time": "3524012838.35",
  "Filter": false,
  "O3": false,
  "Cabin": false,
  "Save": false,
  "Msg": ["04:27:18.03 [ERROR] 1: Scan From String (arg 1) in Vaisala Library.lvlib:Vaisala.lvclass:Get Data.vi->DAQ Device.lvlib:Device.lvclass:Actor Core.vi:5880002->Actor Framework.lvlib:Actor.lvclass:Actor.vi:6640012->Actor Framework.lvlib:Actor.lvclass:Actor.vi.ACBRProxyCaller.9970002F", "04:27:18.11 [ERROR] 1: Scan From String (arg 1) in Vaisala Library.lvlib:Vaisala.lvclass:Get Data.vi->DAQ Device.lvlib:Device.lvclass:Actor Core.vi:5880003->Actor Framework.lvlib:Actor.lvclass:Actor.vi:6640013->Actor Framework.lvlib:Actor.lvclass:Actor.vi.ACBRProxyCaller.9970002F"],
  "fcycle": {
    "te": "185.1",
    "tt": "60.0"
  },
  "pBlocked": "FALSE",
  "interlock": "FALSE",
  "impBlocked": "FALSE",
  "impDiffV": "10.6"
}
