{
  "PAS": {
    "CellData": [
      {
        "derived": {
          "f0": 98644,
          "IA": 0,
          "Q": 1375.7587890625,
          "max": [
            0.0003171723510604352,
            1394
          ],
          "noiseLim": 1e-12,
          "ext": 0
        },
        "fitData": {
          "parameters": [
            0
          ],
          "covariance": [
            [
              0,
              0
            ],
            [
              0,
              0
            ]
          ]
        },
        "IABack": 0,
        "FittedData": {
          "Y": [
            0
          ],
          "dt": 0
        },
        "MicFreq": {
          "Y": [],
          "dt": 1
        },
        "MicTime": {
          "Y": [],
          "dt": 0.00025
        },
        "PhotoDiode": {
          "Y": [],
          "dt": 0.001
        },
        "lRMS": 1.7241911280998414,
        "T": [
          1.73,
          1.72
        ]
      },
      {
        "derived": {
          "f0": -18105,
          "IA": -0.0009504766785539687,
          "Q": -247.3743896484375,
          "max": [
            0.0003032301610801369,
            1302
          ],
          "noiseLim": 0.007604992660340208,
          "ext": -0.000950476642588495
        },
        "fitData": {
          "parameters": [
            0
          ],
          "covariance": [
            [
              0,
              0
            ],
            [
              0,
              0
            ]
          ]
        },
        "IABack": 0,
        "FittedData": {
          "Y": [
            0
          ],
          "dt": 0
        },
        "MicFreq": {
          "Y": [],
          "dt": 1
        },
        "MicTime": {
          "Y": [],
          "dt": 0.00025
        },
        "PhotoDiode": {
          "Y": [],
          "dt": 0.001
        },
        "lRMS": 1.7283066681466899,
        "T": [
          1.73,
          1.73
        ]
      },
      {
        "derived": {
          "f0": -1842049,
          "IA": -2.9999999880125916e-12,
          "Q": -24327.99609375,
          "max": [
            0,
            1300
          ],
          "noiseLim": 1e-12,
          "ext": -3.000000133943692e-12
        },
        "fitData": {
          "parameters": [
            0
          ],
          "covariance": [
            [
              0,
              0
            ],
            [
              0,
              0
            ]
          ]
        },
        "IABack": 0,
        "FittedData": {
          "Y": [
            0
          ],
          "dt": 0
        },
        "MicFreq": {
          "Y": [],
          "dt": 1
        },
        "MicTime": {
          "Y": [],
          "dt": 0.00025
        },
        "PhotoDiode": {
          "Y": [],
          "dt": 0.001
        },
        "lRMS": 1.7335983271685185,
        "T": [
          1.73,
          1.72
        ]
      },
      {
        "derived": {
          "f0": 1350,
          "IA": -0.008079247549176216,
          "Q": 0.5477674007415771,
          "max": [
            0.0002585328184068203,
            1330
          ],
          "noiseLim": 0.007537401174954607,
          "ext": -0.008079247808454593
        },
        "fitData": {
          "parameters": [
            0
          ],
          "covariance": [
            [
              0,
              0
            ],
            [
              0,
              0
            ]
          ]
        },
        "IABack": 0,
        "FittedData": {
          "Y": [
            0
          ],
          "dt": 0
        },
        "MicFreq": {
          "Y": [],
          "dt": 1
        },
        "MicTime": {
          "Y": [],
          "dt": 0.00025
        },
        "PhotoDiode": {
          "Y": [],
          "dt": 0.001
        },
        "lRMS": 1.7937965162370089,
        "T": [
          1.73,
          1.72
        ]
      },
      {
        "derived": {
          "f0": 1362,
          "IA": 0.0056914715096354485,
          "Q": 0.55286705493927,
          "max": [
            0.0004782048927154392,
            1370
          ],
          "noiseLim": 0.00761870653341439,
          "ext": 0.005691471434984996
        },
        "fitData": {
          "parameters": [
            0
          ],
          "covariance": [
            [
              0,
              0
            ],
            [
              0,
              0
            ]
          ]
        },
        "IABack": 0,
        "FittedData": {
          "Y": [
            0
          ],
          "dt": 0
        },
        "MicFreq": {
          "Y": [],
          "dt": 1
        },
        "MicTime": {
          "Y": [],
          "dt": 0.00025
        },
        "PhotoDiode": {
          "Y": [],
          "dt": 0.001
        },
        "lRMS": 1.731107602034364,
        "T": [
          1.72,
          1.72
        ]
      }
    ],
    "Drive": "FALSE"
  },
  "CellData": [
    {
      "extParam": {
        "Tau": 0,
        "Tau0cor": 0,
        "ext": 0,
        "extCorr": 0,
        "stdevTau": 0,
        "eTau": 0,
        "taucorr": 0,
        "Tau0": 0,
        "max": -64.02549743652344
      },
      "hkData": {
        "rhDilFac": 1,
        "Q": 0,
        "Tmean": 0,
        "extDilFac": 1,
        "rhCell": 0,
        "P": 0,
        "T": 0
      },
      "Ringdowns": [
        []
      ]
    },
    {
      "extParam": {
        "Tau": 0,
        "Tau0cor": 0,
        "ext": 0,
        "extCorr": 0,
        "stdevTau": 0,
        "eTau": 0,
        "taucorr": 0,
        "Tau0": 0,
        "max": -12.197999954223633
      },
      "hkData": {
        "rhDilFac": 1,
        "Q": 0,
        "Tmean": 0,
        "extDilFac": 1,
        "rhCell": 0,
        "P": 0,
        "T": 0
      },
      "Ringdowns": [
        []
      ]
    },
    {
      "extParam": {
        "Tau": 0,
        "Tau0cor": 0,
        "ext": 0,
        "extCorr": 0,
        "stdevTau": 0,
        "eTau": 0,
        "taucorr": 0,
        "Tau0": 0,
        "max": -104.74299621582031
      },
      "hkData": {
        "rhDilFac": 1,
        "Q": 0,
        "Tmean": 0,
        "extDilFac": 1,
        "rhCell": 0,
        "P": 0,
        "T": 0
      },
      "Ringdowns": [
        []
      ]
    },
    {
      "extParam": {
        "Tau": 0,
        "Tau0cor": 0,
        "ext": 0,
        "extCorr": 0,
        "stdevTau": 0,
        "eTau": 0,
        "taucorr": 0,
        "Tau0": 0,
        "max": -27.98699951171875
      },
      "hkData": {
        "rhDilFac": 1,
        "Q": 0,
        "Tmean": 0,
        "extDilFac": 1,
        "rhCell": 0,
        "P": 0,
        "T": 0
      },
      "Ringdowns": [
        []
      ]
    },
    {
      "extParam": {
        "Tau": 0,
        "Tau0cor": 0,
        "ext": 0,
        "extCorr": 0,
        "stdevTau": 0,
        "eTau": 0,
        "taucorr": 0,
        "Tau0": 0,
        "max": 406.343994140625
      },
      "hkData": {
        "rhDilFac": 1,
        "Q": 0,
        "Tmean": 0,
        "extDilFac": 1,
        "rhCell": 0,
        "P": 0,
        "T": 0
      },
      "Ringdowns": [
        []
      ]
    }
  ],
  "TestAlicat": {
    "Type": "MC",
    "P": 841.85,
    "T": 31.44,
    "Q": 0,
    "Qsp": 1,
    "Q0": 0
  },
  "vDryBlue": {
    "RH": "42.25",
    "T": "28.00",
    "Td": "13.99"
  },
  " vDryRed": {
    "RH": "0.00",
    "T": "0.00",
    "Td": "0.00"
  },
  "hTEC": {
    "Tobj": "115.73",
    "Tsink": "25.00",
    "Vout": "0.99"
  },
  "pDryBlue": {
    "P": 849.7,
    "T": 30.5
  },
  "Time": "3522076563.45",
  "Filter": false,
  "O3": false,
  "Cabin": false,
  "Save": false,