{
  "PAS": {
    "CellData": [
      {
        "derived": {
          "f0": 1333,
          "IA": -0.005001212004572153,
          "Q": 0.5404328107833862,
          "max": [
            0.0004053795710206032,
            1342
          ],
          "noiseLim": 0.007285211625112989,
          "ext": -0.005001212259247878
        },
        "fitData": {
          "parameters": [
            0
          ],
          "covariance": [
            [
              0,
              0
            ],
            [
              0,
              0
            ]
          ]
        },
        "IABack": 0,
        "FittedData": {
          "Y": [
            0
          ],
          "dt": 0
        },
        "MicFreq": {
          "Y": [],
          "dt": 1
        },
        "MicTime": {
          "Y": [],
          "dt": 0.00025
        },
        "PhotoDiode": {
          "Y": [],
          "dt": 0.001
        },
        "lRMS": 2.737143138286097,
        "T": [
          2.74,
          2.74
        ]
      },
      {
        "derived": {
          "f0": 1142,
          "IA": -0.004402649123221636,
          "Q": 0.46289458870887756,
          "max": [
            0.0005279485485516489,
            1358
          ],
          "noiseLim": 0.0073768527791544325,
          "ext": -0.004402649394313618
        },
        "fitData": {
          "parameters": [
            0
          ],
          "covariance": [
            [
              0,
              0
            ],
            [
              0,
              0
            ]
          ]
        },
        "IABack": 0,
        "FittedData": {
          "Y": [
            0
          ],
          "dt": 0
        },
        "MicFreq": {
          "Y": [],
          "dt": 1
        },
        "MicTime": {
          "Y": [],
          "dt": 0.00025
        },
        "PhotoDiode": {
          "Y": [],
          "dt": 0.001
        },
        "lRMS": 2.741082385150144,
        "T": [
          2.74,
          2.74
        ]
      },
      {
        "derived": {
          "f0": -1842049,
          "IA": -2.9999999880125916e-12,
          "Q": -24327.99609375,
          "max": [
            0,
            1300
          ],
          "noiseLim": 1e-12,
          "ext": -3.000000133943692e-12
        },
        "fitData": {
          "parameters": [
            0
          ],
          "covariance": [
            [
              0,
              0
            ],
            [
              0,
              0
            ]
          ]
        },
        "IABack": 0,
        "FittedData": {
          "Y": [
            0
          ],
          "dt": 0
        },
        "MicFreq": {
          "Y": [],
          "dt": 1
        },
        "MicTime": {
          "Y": [],
          "dt": 0.00025
        },
        "PhotoDiode": {
          "Y": [],
          "dt": 0.001
        },
        "lRMS": 2.748350197335582,
        "T": [
          2.74,
          2.74
        ]
      },
      {
        "derived": {
          "f0": -1994163,
          "IA": -0.003330191830173135,
          "Q": -37917.05859375,
          "max": [
            0.0004005435621365905,
            1310
          ],
          "noiseLim": 0.0086473063040232,
          "ext": -0.0033301917958979133
        },
        "fitData": {
          "parameters": [
            0
          ],
          "covariance": [
            [
              0,
              0
            ],
            [
              0,
              0
            ]
          ]
        },
        "IABack": 0,
        "FittedData": {
          "Y": [
            0
          ],
          "dt": 0
        },
        "MicFreq": {
          "Y": [],
          "dt": 1
        },
        "MicTime": {
          "Y": [],
          "dt": 0.00025
        },
        "PhotoDiode": {
          "Y": [],
          "dt": 0.001
        },
        "lRMS": 2.807315378350151,
        "T": [
          2.74,
          2.74
        ]
      },
      {
        "derived": {
          "f0": 1360,
          "IA": 0.00782011542469263,
          "Q": 0.5502519607543945,
          "max": [
            0.00038674153620377183,
            1337
          ],
          "noiseLim": 0.00784191062104202,
          "ext": 0.007820115035906294
        },
        "fitData": {
          "parameters": [
            0
          ],
          "covariance": [
            [
              0,
              0
            ],
            [
              0,
              0
            ]
          ]
        },
        "IABack": 0,
        "FittedData": {
          "Y": [
            0
          ],
          "dt": 0
        },
        "MicFreq": {
          "Y": [],
          "dt": 1
        },
        "MicTime": {
          "Y": [],
          "dt": 0.00025
        },
        "PhotoDiode": {
          "Y": [],
          "dt": 0.001
        },
        "lRMS": 2.7449084274534834,
        "T": [
          2.74,
          2.73
        ]
      }
    ],
    "Drive": "FALSE"
  },
  "CellData": [
    {
      "extParam": {
        "Tau": 0,
        "Tau0cor": 0,
        "ext": 0,
        "extCorr": 0,
        "stdevTau": 0,
        "eTau": 0,
        "taucorr": 0,
        "Tau0": 0,
        "max": -67.18150329589844
      },
      "hkData": {
        "rhDilFac": 1,
        "Q": 0,
        "Tmean": 0,
        "extDilFac": 1,
        "rhCell": 0,
        "P": 0,
        "T": 0
      },
      "Ringdowns": [
        []
      ]
    },
    {
      "extParam": {
        "Tau": 0,
        "Tau0cor": 0,
        "ext": 0,
        "extCorr": 0,
        "stdevTau": 0,
        "eTau": 0,
        "taucorr": 0,
        "Tau0": 0,
        "max": -14.75100040435791
      },
      "hkData": {
        "rhDilFac": 1,
        "Q": 0,
        "Tmean": 0,
        "extDilFac": 1,
        "rhCell": 0,
        "P": 0,
        "T": 0
      },
      "Ringdowns": [
        []
      ]
    },
    {
      "extParam": {
        "Tau": 0,
        "Tau0cor": 0,
        "ext": 0,
        "extCorr": 0,
        "stdevTau": 0,
        "eTau": 0,
        "taucorr": 0,
        "Tau0": 0,
        "max": -106.56300354003906
      },
      "hkData": {
        "rhDilFac": 1,
        "Q": 0,
        "Tmean": 0,
        "extDilFac": 1,
        "rhCell": 0,
        "P": 0,
        "T": 0
      },
      "Ringdowns": [
        []
      ]
    },
    {
      "extParam": {
        "Tau": 0,
        "Tau0cor": 0,
        "ext": 0,
        "extCorr": 0,
        "stdevTau": 0,
        "eTau": 0,
        "taucorr": 0,
        "Tau0": 0,
        "max": -30.542999267578125
      },
      "hkData": {
        "rhDilFac": 1,
        "Q": 0,
        "Tmean": 0,
        "extDilFac": 1,
        "rhCell": 0,
        "P": 0,
        "T": 0
      },
      "Ringdowns": [
        []
      ]
    },
    {
      "extParam": {
        "Tau": 0,
        "Tau0cor": 0,
        "ext": 0,
        "extCorr": 0,
        "stdevTau": 0,
        "eTau": 0,
        "taucorr": 0,
        "Tau0": 0,
        "max": 22436.580078125
      },
      "hkData": {
        "rhDilFac": 1,
        "Q": 0,
        "Tmean": 0,
        "extDilFac": 1,
        "rhCell": 0,
        "P": 0,
        "T": 0
      },
      "Ringdowns": [
        []
      ]
    }
  ],
  "TestAlicat": {
    "Type": "MC",
    "P": 837.02,
    "T": 29.48,
    "Q": 0,
    "Qsp": 1,
    "Q0": 0
  },
  "Time": "3520564300.81",
  "Filter": false,
  "O3": false,
  "Cabin": false,
  "Save": false
}
